date,headline,link
2025-02-19,"Gas prices are headed higher, and a 'ripple effect' could make it worse in certain regions",https://finance.yahoo.com/news/gas-prices-are-headed-higher-and-a-ripple-effect-could-make-it-worse-in-certain-regions-164645500.html
2025-02-19,"Conan O’Brien’s Oscars Host Prep Includes ‘Invaluable’ Advice From Billy Crystal, Jimmy Kimmel",https://www.thewrap.com/conan-obrien-oscars-host-prep-billy-crystal-jimmy-kimmel/
2025-02-19,Automakers fear lower single digit growth in car sales in 2025-26,https://www.thehindubusinessline.com/companies/automakers-fear-lower-single-digit-growth-in-car-sales-in-2025-26/article69238864.ece
2025-02-19,Walmart expected to win over more high-income consumers as it reports fourth quarter results,https://finance.yahoo.com/news/walmart-expected-to-win-over-more-high-income-consumers-as-it-reports-fourth-quarter-results-163516678.html
2025-02-19,"Walmart posts Q4 profit beat as it gains high-income shoppers, but guides cautiously for 2025",https://finance.yahoo.com/news/walmart-posts-q4-profit-beat-as-it-gains-high-income-shoppers-but-guides-cautiously-for-2025-163516432.html
2025-02-19,Breakout Watch: Top Funds Bet On AI-Fueled Fintech Riding 205% Growth,https://www.investors.com/research/breakout-stocks-technical-analysis/intapp-stock-joins-2021-ipos-applovin-samsara-on-ibd-breakout-stocks-index/
2025-02-19,"Some eggs in NY are less than $4, others are $11. Here's how to navigate a chaotic market.",https://gothamist.com/arts-entertainment/some-eggs-in-ny-are-less-than-4-others-are-11-heres-how-to-navigate-a-chaotic-market
2025-02-19,Bumble shares slide 27% after weak forecast signals slow dating app turnaround,https://economictimes.indiatimes.com/markets/stocks/news/bumble-shares-slide-27-after-weak-forecast-signals-slow-dating-app-turnaround/articleshow/118393570.cms
2025-02-19,"Apple debuts iPhone 16e for $599, includes Apple Intelligence, Apple's first in-house modem",https://finance.yahoo.com/news/apple-debuts-iphone-16e-for-599-includes-apple-intelligence-apples-first-in-house-modem-160159160.html
2025-02-19,Reserve Bank governor Adrian Orr warns longer-term mortgage interest rates might not fall too much more,https://www.nzherald.co.nz/business/economy/official-cash-rate/reserve-bank-governor-adrian-orr-warns-longer-term-mortgage-interest-rates-might-not-fall-too-much-more/MTYFJNJ4ZRAQ7E3PE2HEAANRBI/
2025-02-19,Scandal-ridden Nikola — known for its electric semi-trucks — files for bankruptcy,https://nypost.com/2025/02/19/business/scandal-ridden-ev-maker-nikola-files-for-bankruptcy/
2025-02-19,"Nikola shares slump 38% after it goes bankrupt, to sell assets in latest EV market turmoil",https://economictimes.indiatimes.com/markets/stocks/news/nikola-shares-slump-38-after-it-goes-bankrupt-to-sell-assets-in-latest-ev-market-turmoil/articleshow/118393448.cms
2025-02-19,Show HN: Upload a stock trading chart get professional stock analysis instantly,https://www.chartgptai.com/
2025-02-19,Troubled electric truck maker Nikola files for bankruptcy,https://techcrunch.com/2025/02/19/troubled-electric-truck-maker-nikola-files-for-bankruptcy/
2025-02-19,"Stock Market Today: Dow Jones, S&P 500 Retreat; Arista And A Payment Name Tumble While Garmin Soars (Live Coverage)",https://www.investors.com/market-trend/stock-market-today/stock-market-today-dow-jones-sp-500-arista-networks-stock-anet-grmn/
2025-02-19,Delaware Legislators and Governor Propose Landmark Legislation,https://corpgov.law.harvard.edu/2025/02/19/delaware-legislators-and-governor-propose-landmark-legislation/
2025-02-19,Too Many Mergers? The Golden Parachute as a Driver of M&A Activity in the 21st Century,https://corpgov.law.harvard.edu/2025/02/19/too-many-mergers-the-golden-parachute-as-a-driver-of-ma-activity-in-the-21st-century/
2025-02-19,"Athens Stock Exchange: Corrected from 14-year highs – held 1,610 points",https://en.protothema.gr/2025/02/19/athens-stock-exchange-corrected-from-14-year-highs-held-1610-points/
2025-02-19,Etsy stock tumbles on revenue miss as company reports drop in number of goods sold,https://www.cnbc.com/2025/02/19/etsy-stock-tumbles-on-revenue-miss-company-reports-drop-in-goods-sold.html
2025-02-19,Ahead of Market: 10 things that will decide stock market action on Thursday,https://economictimes.indiatimes.com/markets/stocks/news/ahead-of-market-10-things-that-will-decide-stock-market-action-on-thursday/articleshow/118393013.cms
2025-02-19,"Chipotle Mexican Grill, Inc. (NYSE:CMG) Shares Purchased by Nations Financial Group Inc. IA ADV",https://www.etfdailynews.com/2025/02/19/chipotle-mexican-grill-inc-nysecmg-shares-purchased-by-nations-financial-group-inc-ia-adv/
2025-02-19,Trump blames Biden for high prices; more government cuts | Hot off the Wire podcast,https://richmond.com/news/nation-world/trump-blames-biden-for-high-prices-more-government-cuts-hot-off-the-wire-podcast/article_ff0fd26d-5cb7-5db4-add1-de96756661c0.html
2025-02-19,Trump blames Biden for high prices; more government cuts | Hot off the Wire podcast,https://roanoke.com/news/nation-world/trump-blames-biden-for-high-prices-more-government-cuts-hot-off-the-wire-podcast/article_e37b4e37-d6b5-518d-b8dc-f6d28add5bca.html
2025-02-19,Another key argument for stocks to keep soaring under Trump has been turned on its head,https://markets.businessinsider.com/news/stocks/antitrust-ftc-mergers-deals-activity-trump-bump-tariff-inflation-trade-2025-2
2025-02-19,T+0 settlement: Few takers after a year,https://www.thehindubusinessline.com/markets/t0-settlement-few-takers-after-a-year/article69239346.ece
2025-02-19,Unlocking the next big thing: 3 tech defense stocks on the radar for massive gains and could eclipse Palantir's legacy,https://economictimes.indiatimes.com/news/international/us/unlocking-the-next-big-thing-3-tech-defense-stocks-on-the-radar-for-massive-gains-and-could-eclipse-palantirs-legacy/articleshow/118391831.cms
2025-02-19,"Nikola EV maker, once valued at $30 billion, files for bankruptcy",https://www.cbsnews.com/news/nikola-chapter-11-brankruptcy-news-2025/
2025-02-19,"Allspring Global Investments Holdings LLC Sells 20,002 Shares of CSX Co. (NASDAQ:CSX)",https://www.etfdailynews.com/2025/02/19/allspring-global-investments-holdings-llc-sells-20002-shares-of-csx-co-nasdaqcsx/
2025-02-19,#157 – Katie Keith on the Move From Agency Owner to WordPress Theme Development to Plugin Success,https://wptavern.com/podcast/157-katie-keith-on-the-move-from-agency-owner-to-wordpress-theme-development-to-plugin-success
2025-02-19,Donald Trump Tariff impact on Stock market: How long will it continue?,https://economictimes.indiatimes.com/news/international/us/donald-trump-tariff-impact-on-stock-market-how-long-will-it-continue/articleshow/118392223.cms
2025-02-19,Stock Market Today: S&P 500 set to slip from record high amid latest Trump tariff talk; Fed minutes on tap - MarketWatch,https://slashdot.org/firehose.pl?op=view&amp;id=176306965
2025-02-19,"GameStop announces plans to sell off French and Canadian outlets, while its CEO yells about 'Wokeness and DEI' in bizarre, self-defeating promotion",https://www.pcgamer.com/games/gamestop-announces-plans-to-sell-off-french-and-canadian-outlets-while-its-ceo-yells-about-wokeness-and-dei-in-bizarre-self-defeating-promotion/
2025-02-19,Did Southwest Airlines Conduct Mass Layoffs in Preparation for JetBlue Merger? What We Know,https://www.newsweek.com/southwest-jetblue-merger-mass-layoff-reports-2033127
2025-02-19,"Stock market today: S&P 500, Dow, Nasdaq slip with fresh tariffs, Fed minutes in focus",https://consent.yahoo.com/v2/collectConsent?sessionId=1_cc-session_c1f3d065-cc03-4707-8cd5-207b22a64fb0
2025-02-19,Rhumbline Advisers Cuts Stake in International Paper (NYSE:IP),https://www.etfdailynews.com/2025/02/19/rhumbline-advisers-cuts-stake-in-international-paper-nyseip/
2025-02-19,Goldman Sachs buys BSE shares for Rs 401 crore,https://economictimes.indiatimes.com/markets/stocks/news/goldman-sachs-buys-bse-shares-for-rs-401-crore/articleshow/118391802.cms
2025-02-19,"Market Trading Guide: Gulf Oil Lubricants, Infosys are stock recommendations for Thursday",https://m.economictimes.com/markets/stocks/news/market-trading-guide-gulf-oil-lubricants-infosys-are-stock-recommendations-for-thursday/stock-ideas/slideshow/118391856.cms
2025-02-19,AI revolution 2.0: 3 must-have stocks to Buy and Hold for long-term gains,https://economictimes.indiatimes.com/news/international/us/ai-revolution-2-0-3-must-have-stocks-to-buy-and-hold-for-long-term-gains/articleshow/118391085.cms
2025-02-19,Markets react to the possibility that Russia's war with Ukraine could soon end,https://www.businessinsider.com/markets-react-early-signs-russia-ukraine-war-ending-rubio-2025-2
2025-02-19,Bitcoin Bull Strategy Plans To Raise $2 Billion To Buy More BTC,https://zycrypto.com/bitcoin-bull-strategy-plans-to-raise-2-billion-to-buy-more-btc/
2025-02-19,Gold prices and economic downturns: The connection investors should understand,https://www.cbsnews.com/news/gold-prices-and-economic-downturns-connection-investors-should-understand/
2025-02-19,"Top 10 MLB free agents for 2025-26 offseason: Vladimir Guerrero Jr. leads list, plus contract predictions",https://www.cbssports.com/mlb/news/top-10-mlb-free-agents-for-2025-26-offseason-vladimir-guerrero-jr-leads-list-plus-contract-predictions/
2025-02-19,How 5 Mega Successful Influencers Seduce You To Make Millions,https://www.jeffbullas.com/influencers-content-creators-strategies/
2025-02-19,"Nikola Motors, once a Wall Street darling, files for bankruptcy",https://www.overdriveonline.com/equipment/article/15737754/nikola-motors-files-for-bankruptcy
2025-02-19,"Some open, others not — Retail worker strikes have varying impacts across Finland",https://yle.fi/a/74-20144745
2025-02-19,5 stocks with a PE ratio higher than Industry average,https://m.economictimes.com/markets/stocks/news/5-stocks-with-a-pe-ratio-higher-than-industry-average/slideshow/118391389.cms
2025-02-19,"Dogecoin Price Consolidates In Symmetrical Expanding Triangle, What’s Next For DOGE?",http://www.newsbtc.com/analysis/doge/dogecoin-in-symmetrical-triangle/
2025-02-19,Troubled electric vehicle maker Nikola files for bankruptcy protection,https://abcnews.go.com/Technology/wireStory/troubled-electric-vehicle-maker-nikola-files-bankruptcy-protection-118959903
2025-02-19,Jim Cramer's top 10 things to watch in the stock market Wednesday,https://www.cnbc.com/2025/02/19/jim-cramers-top-10-things-to-watch-in-the-stock-market-wednesday.html
2025-02-19,Vstock Transfer Announces Sponsorship of the Centri Capital Conference at Nasdaq,https://www.globenewswire.com/news-release/2025/02/19/3028802/0/en/Vstock-Transfer-Announces-Sponsorship-of-the-Centri-Capital-Conference-at-Nasdaq.html
2025-02-19,Nvidia GeForce RTX 5070 Ti Review,https://www.techspot.com/review/2955-nvidia-geforce-rtx-5070-ti/
2025-02-19,"Arista Networks, Inc. (NYSE:ANET) Shares Acquired by Blue Trust Inc.",https://www.etfdailynews.com/2025/02/19/arista-networks-inc-nyseanet-shares-acquired-by-blue-trust-inc/
2025-02-19,Embattled EV maker Nikola files for Chapter 11 bankruptcy protection,https://www.cnbc.com/2025/02/19/nikola-chapter-11-bankruptcy-protection.html
2025-02-19,Nvidia GeForce RTX 5070 Ti review: a cheaper RTX 4080,https://www.theverge.com/gpu-reviews/615075/nvidia-rtx-5070-ti-review-test-benchmark
2025-02-19,The Secret Behind Temu’s Rock-bottom Prices,https://thediplomat.com/2025/02/the-secret-behind-temus-rock-bottom-prices/
2025-02-19,Why Is SolarEdge Stock Skyrocketing Today?,https://finance.yahoo.com/news/why-solaredge-stock-skyrocketing-today-135658300.html
2025-02-19,"Meta Platforms, Inc. (NASDAQ:META) Holdings Boosted by Jmac Enterprises LLC",https://www.etfdailynews.com/2025/02/19/meta-platforms-inc-nasdaqmeta-holdings-boosted-by-jmac-enterprises-llc/
2025-02-19,"Blue Trust Inc. Decreases Stock Holdings in Becton, Dickinson and Company (NYSE:BDX)",https://www.etfdailynews.com/2025/02/19/blue-trust-inc-decreases-stock-holdings-in-becton-dickinson-and-company-nysebdx/
2025-02-19,China Restrictions A Big Risk For Applied Materials Stock?,https://www.forbes.com/sites/greatspeculations/2025/02/19/china-restrictions-a-big-risk-for-applied-materials-stock/
2025-02-19,How AI Is Disrupting The SaaS Landscape And Reshaping The Future,https://www.forbes.com/councils/forbestechcouncil/2025/02/19/how-ai-is-disrupting-the-saas-landscape-and-reshaping-the-future/
2025-02-19,"Manchester United hit with Ruben Amorim QUIT bombshell, as crisis deepens: report",https://www.fourfourtwo.com/news/manchester-united-man-utd-manu-hit-with-ruben-amorim-quit-bombshell-as-crisis-deepens-report-signings-rumours-gossip-paper-talk-mufc
2025-02-19,Savant Capital LLC Reduces Holdings in Allegion plc (NYSE:ALLE),https://www.etfdailynews.com/2025/02/19/savant-capital-llc-reduces-holdings-in-allegion-plc-nysealle/
2025-02-19,"Nations Financial Group Inc. IA ADV Buys Shares of 4,291 Corning Incorporated (NYSE:GLW)",https://www.etfdailynews.com/2025/02/19/nations-financial-group-inc-ia-adv-buys-shares-of-4291-corning-incorporated-nyseglw/
2025-02-19,Will Barrick Gold Continue The Shining Perfomance?,https://www.forbes.com/sites/greatspeculations/2025/02/19/will-barrick-gold-continue-the-shining-perfomance/
2025-02-19,"Palo Alto Networks, Inc. (NASDAQ:PANW) Shares Acquired by Blue Trust Inc.",https://www.etfdailynews.com/2025/02/19/palo-alto-networks-inc-nasdaqpanw-shares-acquired-by-blue-trust-inc/
2025-02-19,Howard Wealth Management LLC Sells 138 Shares of Johnson & Johnson (NYSE:JNJ),https://www.etfdailynews.com/2025/02/19/howard-wealth-management-llc-sells-138-shares-of-johnson-johnson-nysejnj/
2025-02-19,"Blue Trust Inc. Has $330,000 Holdings in Valmont Industries, Inc. (NYSE:VMI)",https://www.etfdailynews.com/2025/02/19/blue-trust-inc-has-330000-holdings-in-valmont-industries-inc-nysevmi/
2025-02-19,"Bharti Airtel, UltraTech, SBI among ICICI Securities’ top picks, sets Nifty target at 26,000",https://economictimes.indiatimes.com/markets/stocks/news/bharti-airtel-ultratech-sbi-among-icici-securities-top-picks-sets-nifty-target-at-26000/articleshow/118390358.cms
2025-02-19,EV maker Nikola files for bankruptcy protection,https://www.businessinsider.com/electric-car-ev-nikola-files-chapter-11-bankruptcy-2025-2
2025-02-19,Stock Markets Fall As Traders Assess Latest Tariffs Volley,https://www.ibtimes.com.au/stock-markets-fall-traders-assess-latest-tariffs-volley-1856334
2025-02-19,Are people in Denver really buying $400 tins of caviar?,https://www.denverpost.com/2025/02/19/where-to-buy-caviar-denver-grocery-shopping-economy/
2025-02-19,Hexaware Technologies’ shares went up 10 per cent on listing,https://www.thehindubusinessline.com/markets/stock-markets/hexaware-technologies-ipo-success-global-expansion-and-ai-first-solutions-position-it-as-a-leader-in-it-services/article69238056.ece
2025-02-19,Marathon Petroleum Co. (NYSE:MPC) Shares Sold by Nations Financial Group Inc. IA ADV,https://www.etfdailynews.com/2025/02/19/marathon-petroleum-co-nysempc-shares-sold-by-nations-financial-group-inc-ia-adv/
2025-02-19,Superannuation Rides Market Boom: Growth Funds Up 2.2% In January,https://www.ibtimes.com.au/superannuation-rides-market-boom-growth-funds-22-january-1856324
2025-02-19,"Allspring Global Investments Holdings LLC Sells 16,133 Shares of Piper Sandler Companies (NYSE:PIPR)",https://www.etfdailynews.com/2025/02/19/allspring-global-investments-holdings-llc-sells-16133-shares-of-piper-sandler-companies-nysepipr-2/
2025-02-19,Here are 7 scary stats that will make you ‘rethink’ retirement in America — know them now before it's too late,https://finance.yahoo.com/news/7-scary-stats-rethink-retirement-123000671.html
2025-02-19,DeepSeek bubble gone? Nvidia's Jensen Huang has smartly made some investment decisions that have propelled the stock to its early January levels; here they are,https://economictimes.indiatimes.com/news/international/us/deepseek-bubble-gone-nvidias-jensen-huang-has-smartly-made-some-investment-decisions-that-have-propelled-the-stock-to-its-early-january-levels-here-they-are/articleshow/118388117.cms
2025-02-19,Promising Ecommerce Stocks To Add to Your Watchlist – February 17th,https://www.etfdailynews.com/2025/02/19/promising-ecommerce-stocks-to-add-to-your-watchlist-february-17th/
2025-02-19,"Chevy Chase Trust Holdings LLC Sells 2,736 Shares of Sumitomo Mitsui Financial Group, Inc. (NYSE:SMFG)",https://www.etfdailynews.com/2025/02/19/chevy-chase-trust-holdings-llc-sells-2736-shares-of-sumitomo-mitsui-financial-group-inc-nysesmfg/
2025-02-19,"Garmin Crushes Q4 Estimates, Raises Targets For 2025",https://www.investors.com/news/technology/garmin-stock-grmn-q4-2024-earnings/
2025-02-19,"Tesla, Inc. (NASDAQ:TSLA) Shares Sold by Compass Financial Group INC SD",https://www.etfdailynews.com/2025/02/19/tesla-inc-nasdaqtsla-shares-sold-by-compass-financial-group-inc-sd/
2025-02-19,"Tesla, Inc. (NASDAQ:TSLA) Shares Acquired by Kessler Investment Group LLC",https://www.etfdailynews.com/2025/02/19/tesla-inc-nasdaqtsla-shares-acquired-by-kessler-investment-group-llc/
2025-02-19,Rhumbline Advisers Decreases Holdings in IDEX Co. (NYSE:IEX),https://www.etfdailynews.com/2025/02/19/rhumbline-advisers-decreases-holdings-in-idex-co-nyseiex/
2025-02-19,"Rhumbline Advisers Sells 4,623 Shares of Steel Dynamics, Inc. (NASDAQ:STLD)",https://www.etfdailynews.com/2025/02/19/rhumbline-advisers-sells-4623-shares-of-steel-dynamics-inc-nasdaqstld/
2025-02-19,"Aveo Capital Partners LLC Lowers Stake in Tesla, Inc. (NASDAQ:TSLA)",https://www.etfdailynews.com/2025/02/19/aveo-capital-partners-llc-lowers-stake-in-tesla-inc-nasdaqtsla/
2025-02-19,Johnson & Johnson (NYSE:JNJ) Shares Purchased by PineStone Asset Management Inc.,https://www.etfdailynews.com/2025/02/19/johnson-johnson-nysejnj-shares-purchased-by-pinestone-asset-management-inc/
2025-02-19,Rhumbline Advisers Buys 331 Shares of Chemed Co. (NYSE:CHE),https://www.etfdailynews.com/2025/02/19/rhumbline-advisers-buys-331-shares-of-chemed-co-nyseche/
2025-02-19,"Hickory Asset Management Inc. Invests $444,000 in Tesla, Inc. (NASDAQ:TSLA)",https://www.etfdailynews.com/2025/02/19/hickory-asset-management-inc-invests-444000-in-tesla-inc-nasdaqtsla/
2025-02-19,"Rhumbline Advisers Sells 20,105 Shares of CF Industries Holdings, Inc. (NYSE:CF)",https://www.etfdailynews.com/2025/02/19/rhumbline-advisers-sells-20105-shares-of-cf-industries-holdings-inc-nysecf/
2025-02-19,"New Mexico Educational Retirement Board Sells 200 Shares of Wynn Resorts, Limited (NASDAQ:WYNN)",https://www.etfdailynews.com/2025/02/19/new-mexico-educational-retirement-board-sells-200-shares-of-wynn-resorts-limited-nasdaqwynn/
2025-02-19,"Rhumbline Advisers Sells 4,765 Shares of Live Nation Entertainment, Inc. (NYSE:LYV)",https://www.etfdailynews.com/2025/02/19/rhumbline-advisers-sells-4765-shares-of-live-nation-entertainment-inc-nyselyv/
2025-02-19,"SET to curb short selling, high-speed trades amid slide",https://www.bangkokpost.com/business/general/2964215/set-to-curb-short-selling-high-speed-trades-amid-slide
2025-02-19,Let Him Cook,http://www.thecut.com/article/grocery-shopping-with-new-yorks-hottest-chefs.html
2025-02-19,How To Design A Hero Section For Your Website (2025 Guide),https://www.elegantthemes.com/blog/design/how-to-design-a-hero-section
2025-02-19,Five ways AMD can bungle its RDNA 4 launch — Will NVIDIA GPUs get the competition they need?,https://www.windowscentral.com/hardware/laptops/5-ways-amd-bungle-rdna-4-launch
2025-02-19,Share market update: Most active stocks of the day in terms of traded value,https://economictimes.indiatimes.com/markets/stocks/stock-watch/share-market-update-most-active-stocks-of-the-day-in-terms-of-traded-value/articleshow/118388352.cms
